-- MySQL dump 10.13  Distrib 5.7.33, for Win64 (x86_64)
--
-- Host: localhost    Database: tokoonline
-- ------------------------------------------------------
-- Server version	5.7.33

/*!40101 SET @OLD_CHARACTER_SET_CLIENT=@@CHARACTER_SET_CLIENT */;
/*!40101 SET @OLD_CHARACTER_SET_RESULTS=@@CHARACTER_SET_RESULTS */;
/*!40101 SET @OLD_COLLATION_CONNECTION=@@COLLATION_CONNECTION */;
/*!40101 SET NAMES utf8 */;
/*!40103 SET @OLD_TIME_ZONE=@@TIME_ZONE */;
/*!40103 SET TIME_ZONE='+00:00' */;
/*!40014 SET @OLD_UNIQUE_CHECKS=@@UNIQUE_CHECKS, UNIQUE_CHECKS=0 */;
/*!40014 SET @OLD_FOREIGN_KEY_CHECKS=@@FOREIGN_KEY_CHECKS, FOREIGN_KEY_CHECKS=0 */;
/*!40101 SET @OLD_SQL_MODE=@@SQL_MODE, SQL_MODE='NO_AUTO_VALUE_ON_ZERO' */;
/*!40111 SET @OLD_SQL_NOTES=@@SQL_NOTES, SQL_NOTES=0 */;

--
-- Table structure for table `carts`
--

DROP TABLE IF EXISTS `carts`;
/*!40101 SET @saved_cs_client     = @@character_set_client */;
/*!40101 SET character_set_client = utf8 */;
CREATE TABLE `carts` (
  `id` bigint(20) unsigned NOT NULL AUTO_INCREMENT,
  `user_id` bigint(20) unsigned NOT NULL,
  `product_id` bigint(20) unsigned NOT NULL,
  `quantity` int(11) NOT NULL,
  `created_at` timestamp NULL DEFAULT NULL,
  `updated_at` timestamp NULL DEFAULT NULL,
  PRIMARY KEY (`id`),
  KEY `carts_user_id_foreign` (`user_id`),
  KEY `carts_product_id_foreign` (`product_id`),
  CONSTRAINT `carts_product_id_foreign` FOREIGN KEY (`product_id`) REFERENCES `products` (`id`) ON DELETE CASCADE,
  CONSTRAINT `carts_user_id_foreign` FOREIGN KEY (`user_id`) REFERENCES `users` (`id`) ON DELETE CASCADE
) ENGINE=InnoDB DEFAULT CHARSET=utf8mb4 COLLATE=utf8mb4_unicode_ci;
/*!40101 SET character_set_client = @saved_cs_client */;

--
-- Dumping data for table `carts`
--

LOCK TABLES `carts` WRITE;
/*!40000 ALTER TABLE `carts` DISABLE KEYS */;
/*!40000 ALTER TABLE `carts` ENABLE KEYS */;
UNLOCK TABLES;

--
-- Table structure for table `categories`
--

DROP TABLE IF EXISTS `categories`;
/*!40101 SET @saved_cs_client     = @@character_set_client */;
/*!40101 SET character_set_client = utf8 */;
CREATE TABLE `categories` (
  `id` bigint(20) unsigned NOT NULL AUTO_INCREMENT,
  `name_category` varchar(255) COLLATE utf8mb4_unicode_ci NOT NULL,
  `slug` varchar(255) COLLATE utf8mb4_unicode_ci NOT NULL,
  `created_at` timestamp NULL DEFAULT NULL,
  `updated_at` timestamp NULL DEFAULT NULL,
  PRIMARY KEY (`id`)
) ENGINE=InnoDB DEFAULT CHARSET=utf8mb4 COLLATE=utf8mb4_unicode_ci;
/*!40101 SET character_set_client = @saved_cs_client */;

--
-- Dumping data for table `categories`
--

LOCK TABLES `categories` WRITE;
/*!40000 ALTER TABLE `categories` DISABLE KEYS */;
/*!40000 ALTER TABLE `categories` ENABLE KEYS */;
UNLOCK TABLES;

--
-- Table structure for table `cities`
--

DROP TABLE IF EXISTS `cities`;
/*!40101 SET @saved_cs_client     = @@character_set_client */;
/*!40101 SET character_set_client = utf8 */;
CREATE TABLE `cities` (
  `id` bigint(20) unsigned NOT NULL AUTO_INCREMENT,
  `province_id` bigint(20) unsigned NOT NULL,
  `type` varchar(255) COLLATE utf8mb4_unicode_ci NOT NULL,
  `name` varchar(255) COLLATE utf8mb4_unicode_ci NOT NULL,
  `postal_code` varchar(255) COLLATE utf8mb4_unicode_ci NOT NULL,
  `created_at` timestamp NULL DEFAULT NULL,
  `updated_at` timestamp NULL DEFAULT NULL,
  PRIMARY KEY (`id`),
  KEY `cities_province_id_foreign` (`province_id`),
  CONSTRAINT `cities_province_id_foreign` FOREIGN KEY (`province_id`) REFERENCES `provinces` (`id`) ON DELETE CASCADE
) ENGINE=InnoDB AUTO_INCREMENT=502 DEFAULT CHARSET=utf8mb4 COLLATE=utf8mb4_unicode_ci;
/*!40101 SET character_set_client = @saved_cs_client */;

--
-- Dumping data for table `cities`
--

LOCK TABLES `cities` WRITE;
/*!40000 ALTER TABLE `cities` DISABLE KEYS */;
INSERT INTO `cities` VALUES (1,21,'Kabupaten','Aceh Barat','23681','2022-03-31 14:05:06','2022-03-31 14:05:06'),(2,21,'Kabupaten','Aceh Barat Daya','23764','2022-03-31 14:05:06','2022-03-31 14:05:06'),(3,21,'Kabupaten','Aceh Besar','23951','2022-03-31 14:05:06','2022-03-31 14:05:06'),(4,21,'Kabupaten','Aceh Jaya','23654','2022-03-31 14:05:06','2022-03-31 14:05:06'),(5,21,'Kabupaten','Aceh Selatan','23719','2022-03-31 14:05:06','2022-03-31 14:05:06'),(6,21,'Kabupaten','Aceh Singkil','24785','2022-03-31 14:05:06','2022-03-31 14:05:06'),(7,21,'Kabupaten','Aceh Tamiang','24476','2022-03-31 14:05:06','2022-03-31 14:05:06'),(8,21,'Kabupaten','Aceh Tengah','24511','2022-03-31 14:05:06','2022-03-31 14:05:06'),(9,21,'Kabupaten','Aceh Tenggara','24611','2022-03-31 14:05:06','2022-03-31 14:05:06'),(10,21,'Kabupaten','Aceh Timur','24454','2022-03-31 14:05:06','2022-03-31 14:05:06'),(11,21,'Kabupaten','Aceh Utara','24382','2022-03-31 14:05:06','2022-03-31 14:05:06'),(12,32,'Kabupaten','Agam','26411','2022-03-31 14:05:06','2022-03-31 14:05:06'),(13,23,'Kabupaten','Alor','85811','2022-03-31 14:05:06','2022-03-31 14:05:06'),(14,19,'Kota','Ambon','97222','2022-03-31 14:05:07','2022-03-31 14:05:07'),(15,34,'Kabupaten','Asahan','21214','2022-03-31 14:05:07','2022-03-31 14:05:07'),(16,24,'Kabupaten','Asmat','99777','2022-03-31 14:05:07','2022-03-31 14:05:07'),(17,1,'Kabupaten','Badung','80351','2022-03-31 14:05:07','2022-03-31 14:05:07'),(18,13,'Kabupaten','Balangan','71611','2022-03-31 14:05:07','2022-03-31 14:05:07'),(19,15,'Kota','Balikpapan','76111','2022-03-31 14:05:07','2022-03-31 14:05:07'),(20,21,'Kota','Banda Aceh','23238','2022-03-31 14:05:07','2022-03-31 14:05:07'),(21,18,'Kota','Bandar Lampung','35139','2022-03-31 14:05:07','2022-03-31 14:05:07'),(22,9,'Kabupaten','Bandung','40311','2022-03-31 14:05:07','2022-03-31 14:05:07'),(23,9,'Kota','Bandung','40111','2022-03-31 14:05:07','2022-03-31 14:05:07'),(24,9,'Kabupaten','Bandung Barat','40721','2022-03-31 14:05:07','2022-03-31 14:05:07'),(25,29,'Kabupaten','Banggai','94711','2022-03-31 14:05:07','2022-03-31 14:05:07'),(26,29,'Kabupaten','Banggai Kepulauan','94881','2022-03-31 14:05:07','2022-03-31 14:05:07'),(27,2,'Kabupaten','Bangka','33212','2022-03-31 14:05:07','2022-03-31 14:05:07'),(28,2,'Kabupaten','Bangka Barat','33315','2022-03-31 14:05:07','2022-03-31 14:05:07'),(29,2,'Kabupaten','Bangka Selatan','33719','2022-03-31 14:05:07','2022-03-31 14:05:07'),(30,2,'Kabupaten','Bangka Tengah','33613','2022-03-31 14:05:07','2022-03-31 14:05:07'),(31,11,'Kabupaten','Bangkalan','69118','2022-03-31 14:05:07','2022-03-31 14:05:07'),(32,1,'Kabupaten','Bangli','80619','2022-03-31 14:05:08','2022-03-31 14:05:08'),(33,13,'Kabupaten','Banjar','70619','2022-03-31 14:05:08','2022-03-31 14:05:08'),(34,9,'Kota','Banjar','46311','2022-03-31 14:05:08','2022-03-31 14:05:08'),(35,13,'Kota','Banjarbaru','70712','2022-03-31 14:05:08','2022-03-31 14:05:08'),(36,13,'Kota','Banjarmasin','70117','2022-03-31 14:05:08','2022-03-31 14:05:08'),(37,10,'Kabupaten','Banjarnegara','53419','2022-03-31 14:05:08','2022-03-31 14:05:08'),(38,28,'Kabupaten','Bantaeng','92411','2022-03-31 14:05:08','2022-03-31 14:05:08'),(39,5,'Kabupaten','Bantul','55715','2022-03-31 14:05:08','2022-03-31 14:05:08'),(40,33,'Kabupaten','Banyuasin','30911','2022-03-31 14:05:08','2022-03-31 14:05:08'),(41,10,'Kabupaten','Banyumas','53114','2022-03-31 14:05:08','2022-03-31 14:05:08'),(42,11,'Kabupaten','Banyuwangi','68416','2022-03-31 14:05:08','2022-03-31 14:05:08'),(43,13,'Kabupaten','Barito Kuala','70511','2022-03-31 14:05:08','2022-03-31 14:05:08'),(44,14,'Kabupaten','Barito Selatan','73711','2022-03-31 14:05:08','2022-03-31 14:05:08'),(45,14,'Kabupaten','Barito Timur','73671','2022-03-31 14:05:08','2022-03-31 14:05:08'),(46,14,'Kabupaten','Barito Utara','73881','2022-03-31 14:05:08','2022-03-31 14:05:08'),(47,28,'Kabupaten','Barru','90719','2022-03-31 14:05:08','2022-03-31 14:05:08'),(48,17,'Kota','Batam','29413','2022-03-31 14:05:08','2022-03-31 14:05:08'),(49,10,'Kabupaten','Batang','51211','2022-03-31 14:05:09','2022-03-31 14:05:09'),(50,8,'Kabupaten','Batang Hari','36613','2022-03-31 14:05:09','2022-03-31 14:05:09'),(51,11,'Kota','Batu','65311','2022-03-31 14:05:09','2022-03-31 14:05:09'),(52,34,'Kabupaten','Batu Bara','21655','2022-03-31 14:05:09','2022-03-31 14:05:09'),(53,30,'Kota','Bau-Bau','93719','2022-03-31 14:05:09','2022-03-31 14:05:09'),(54,9,'Kabupaten','Bekasi','17837','2022-03-31 14:05:09','2022-03-31 14:05:09'),(55,9,'Kota','Bekasi','17121','2022-03-31 14:05:09','2022-03-31 14:05:09'),(56,2,'Kabupaten','Belitung','33419','2022-03-31 14:05:09','2022-03-31 14:05:09'),(57,2,'Kabupaten','Belitung Timur','33519','2022-03-31 14:05:09','2022-03-31 14:05:09'),(58,23,'Kabupaten','Belu','85711','2022-03-31 14:05:09','2022-03-31 14:05:09'),(59,21,'Kabupaten','Bener Meriah','24581','2022-03-31 14:05:09','2022-03-31 14:05:09'),(60,26,'Kabupaten','Bengkalis','28719','2022-03-31 14:05:09','2022-03-31 14:05:09'),(61,12,'Kabupaten','Bengkayang','79213','2022-03-31 14:05:09','2022-03-31 14:05:09'),(62,4,'Kota','Bengkulu','38229','2022-03-31 14:05:09','2022-03-31 14:05:09'),(63,4,'Kabupaten','Bengkulu Selatan','38519','2022-03-31 14:05:09','2022-03-31 14:05:09'),(64,4,'Kabupaten','Bengkulu Tengah','38319','2022-03-31 14:05:09','2022-03-31 14:05:09'),(65,4,'Kabupaten','Bengkulu Utara','38619','2022-03-31 14:05:09','2022-03-31 14:05:09'),(66,15,'Kabupaten','Berau','77311','2022-03-31 14:05:09','2022-03-31 14:05:09'),(67,24,'Kabupaten','Biak Numfor','98119','2022-03-31 14:05:09','2022-03-31 14:05:09'),(68,22,'Kabupaten','Bima','84171','2022-03-31 14:05:10','2022-03-31 14:05:10'),(69,22,'Kota','Bima','84139','2022-03-31 14:05:10','2022-03-31 14:05:10'),(70,34,'Kota','Binjai','20712','2022-03-31 14:05:10','2022-03-31 14:05:10'),(71,17,'Kabupaten','Bintan','29135','2022-03-31 14:05:10','2022-03-31 14:05:10'),(72,21,'Kabupaten','Bireuen','24219','2022-03-31 14:05:10','2022-03-31 14:05:10'),(73,31,'Kota','Bitung','95512','2022-03-31 14:05:10','2022-03-31 14:05:10'),(74,11,'Kabupaten','Blitar','66171','2022-03-31 14:05:10','2022-03-31 14:05:10'),(75,11,'Kota','Blitar','66124','2022-03-31 14:05:10','2022-03-31 14:05:10'),(76,10,'Kabupaten','Blora','58219','2022-03-31 14:05:10','2022-03-31 14:05:10'),(77,7,'Kabupaten','Boalemo','96319','2022-03-31 14:05:10','2022-03-31 14:05:10'),(78,9,'Kabupaten','Bogor','16911','2022-03-31 14:05:10','2022-03-31 14:05:10'),(79,9,'Kota','Bogor','16119','2022-03-31 14:05:10','2022-03-31 14:05:10'),(80,11,'Kabupaten','Bojonegoro','62119','2022-03-31 14:05:10','2022-03-31 14:05:10'),(81,31,'Kabupaten','Bolaang Mongondow (Bolmong)','95755','2022-03-31 14:05:10','2022-03-31 14:05:10'),(82,31,'Kabupaten','Bolaang Mongondow Selatan','95774','2022-03-31 14:05:10','2022-03-31 14:05:10'),(83,31,'Kabupaten','Bolaang Mongondow Timur','95783','2022-03-31 14:05:10','2022-03-31 14:05:10'),(84,31,'Kabupaten','Bolaang Mongondow Utara','95765','2022-03-31 14:05:10','2022-03-31 14:05:10'),(85,30,'Kabupaten','Bombana','93771','2022-03-31 14:05:10','2022-03-31 14:05:10'),(86,11,'Kabupaten','Bondowoso','68219','2022-03-31 14:05:10','2022-03-31 14:05:10'),(87,28,'Kabupaten','Bone','92713','2022-03-31 14:05:11','2022-03-31 14:05:11'),(88,7,'Kabupaten','Bone Bolango','96511','2022-03-31 14:05:11','2022-03-31 14:05:11'),(89,15,'Kota','Bontang','75313','2022-03-31 14:05:11','2022-03-31 14:05:11'),(90,24,'Kabupaten','Boven Digoel','99662','2022-03-31 14:05:11','2022-03-31 14:05:11'),(91,10,'Kabupaten','Boyolali','57312','2022-03-31 14:05:11','2022-03-31 14:05:11'),(92,10,'Kabupaten','Brebes','52212','2022-03-31 14:05:11','2022-03-31 14:05:11'),(93,32,'Kota','Bukittinggi','26115','2022-03-31 14:05:11','2022-03-31 14:05:11'),(94,1,'Kabupaten','Buleleng','81111','2022-03-31 14:05:11','2022-03-31 14:05:11'),(95,28,'Kabupaten','Bulukumba','92511','2022-03-31 14:05:11','2022-03-31 14:05:11'),(96,16,'Kabupaten','Bulungan (Bulongan)','77211','2022-03-31 14:05:11','2022-03-31 14:05:11'),(97,8,'Kabupaten','Bungo','37216','2022-03-31 14:05:11','2022-03-31 14:05:11'),(98,29,'Kabupaten','Buol','94564','2022-03-31 14:05:11','2022-03-31 14:05:11'),(99,19,'Kabupaten','Buru','97371','2022-03-31 14:05:11','2022-03-31 14:05:11'),(100,19,'Kabupaten','Buru Selatan','97351','2022-03-31 14:05:11','2022-03-31 14:05:11'),(101,30,'Kabupaten','Buton','93754','2022-03-31 14:05:11','2022-03-31 14:05:11'),(102,30,'Kabupaten','Buton Utara','93745','2022-03-31 14:05:11','2022-03-31 14:05:11'),(103,9,'Kabupaten','Ciamis','46211','2022-03-31 14:05:11','2022-03-31 14:05:11'),(104,9,'Kabupaten','Cianjur','43217','2022-03-31 14:05:11','2022-03-31 14:05:11'),(105,10,'Kabupaten','Cilacap','53211','2022-03-31 14:05:12','2022-03-31 14:05:12'),(106,3,'Kota','Cilegon','42417','2022-03-31 14:05:12','2022-03-31 14:05:12'),(107,9,'Kota','Cimahi','40512','2022-03-31 14:05:12','2022-03-31 14:05:12'),(108,9,'Kabupaten','Cirebon','45611','2022-03-31 14:05:12','2022-03-31 14:05:12'),(109,9,'Kota','Cirebon','45116','2022-03-31 14:05:12','2022-03-31 14:05:12'),(110,34,'Kabupaten','Dairi','22211','2022-03-31 14:05:12','2022-03-31 14:05:12'),(111,24,'Kabupaten','Deiyai (Deliyai)','98784','2022-03-31 14:05:12','2022-03-31 14:05:12'),(112,34,'Kabupaten','Deli Serdang','20511','2022-03-31 14:05:12','2022-03-31 14:05:12'),(113,10,'Kabupaten','Demak','59519','2022-03-31 14:05:12','2022-03-31 14:05:12'),(114,1,'Kota','Denpasar','80227','2022-03-31 14:05:12','2022-03-31 14:05:12'),(115,9,'Kota','Depok','16416','2022-03-31 14:05:12','2022-03-31 14:05:12'),(116,32,'Kabupaten','Dharmasraya','27612','2022-03-31 14:05:12','2022-03-31 14:05:12'),(117,24,'Kabupaten','Dogiyai','98866','2022-03-31 14:05:12','2022-03-31 14:05:12'),(118,22,'Kabupaten','Dompu','84217','2022-03-31 14:05:12','2022-03-31 14:05:12'),(119,29,'Kabupaten','Donggala','94341','2022-03-31 14:05:12','2022-03-31 14:05:12'),(120,26,'Kota','Dumai','28811','2022-03-31 14:05:12','2022-03-31 14:05:12'),(121,33,'Kabupaten','Empat Lawang','31811','2022-03-31 14:05:12','2022-03-31 14:05:12'),(122,23,'Kabupaten','Ende','86351','2022-03-31 14:05:12','2022-03-31 14:05:12'),(123,28,'Kabupaten','Enrekang','91719','2022-03-31 14:05:13','2022-03-31 14:05:13'),(124,25,'Kabupaten','Fakfak','98651','2022-03-31 14:05:13','2022-03-31 14:05:13'),(125,23,'Kabupaten','Flores Timur','86213','2022-03-31 14:05:13','2022-03-31 14:05:13'),(126,9,'Kabupaten','Garut','44126','2022-03-31 14:05:13','2022-03-31 14:05:13'),(127,21,'Kabupaten','Gayo Lues','24653','2022-03-31 14:05:13','2022-03-31 14:05:13'),(128,1,'Kabupaten','Gianyar','80519','2022-03-31 14:05:13','2022-03-31 14:05:13'),(129,7,'Kabupaten','Gorontalo','96218','2022-03-31 14:05:13','2022-03-31 14:05:13'),(130,7,'Kota','Gorontalo','96115','2022-03-31 14:05:13','2022-03-31 14:05:13'),(131,7,'Kabupaten','Gorontalo Utara','96611','2022-03-31 14:05:13','2022-03-31 14:05:13'),(132,28,'Kabupaten','Gowa','92111','2022-03-31 14:05:13','2022-03-31 14:05:13'),(133,11,'Kabupaten','Gresik','61115','2022-03-31 14:05:13','2022-03-31 14:05:13'),(134,10,'Kabupaten','Grobogan','58111','2022-03-31 14:05:13','2022-03-31 14:05:13'),(135,5,'Kabupaten','Gunung Kidul','55812','2022-03-31 14:05:13','2022-03-31 14:05:13'),(136,14,'Kabupaten','Gunung Mas','74511','2022-03-31 14:05:13','2022-03-31 14:05:13'),(137,34,'Kota','Gunungsitoli','22813','2022-03-31 14:05:13','2022-03-31 14:05:13'),(138,20,'Kabupaten','Halmahera Barat','97757','2022-03-31 14:05:13','2022-03-31 14:05:13'),(139,20,'Kabupaten','Halmahera Selatan','97911','2022-03-31 14:05:13','2022-03-31 14:05:13'),(140,20,'Kabupaten','Halmahera Tengah','97853','2022-03-31 14:05:13','2022-03-31 14:05:13'),(141,20,'Kabupaten','Halmahera Timur','97862','2022-03-31 14:05:13','2022-03-31 14:05:13'),(142,20,'Kabupaten','Halmahera Utara','97762','2022-03-31 14:05:14','2022-03-31 14:05:14'),(143,13,'Kabupaten','Hulu Sungai Selatan','71212','2022-03-31 14:05:14','2022-03-31 14:05:14'),(144,13,'Kabupaten','Hulu Sungai Tengah','71313','2022-03-31 14:05:14','2022-03-31 14:05:14'),(145,13,'Kabupaten','Hulu Sungai Utara','71419','2022-03-31 14:05:14','2022-03-31 14:05:14'),(146,34,'Kabupaten','Humbang Hasundutan','22457','2022-03-31 14:05:14','2022-03-31 14:05:14'),(147,26,'Kabupaten','Indragiri Hilir','29212','2022-03-31 14:05:14','2022-03-31 14:05:14'),(148,26,'Kabupaten','Indragiri Hulu','29319','2022-03-31 14:05:14','2022-03-31 14:05:14'),(149,9,'Kabupaten','Indramayu','45214','2022-03-31 14:05:14','2022-03-31 14:05:14'),(150,24,'Kabupaten','Intan Jaya','98771','2022-03-31 14:05:14','2022-03-31 14:05:14'),(151,6,'Kota','Jakarta Barat','11220','2022-03-31 14:05:14','2022-03-31 14:05:14'),(152,6,'Kota','Jakarta Pusat','10540','2022-03-31 14:05:14','2022-03-31 14:05:14'),(153,6,'Kota','Jakarta Selatan','12230','2022-03-31 14:05:14','2022-03-31 14:05:14'),(154,6,'Kota','Jakarta Timur','13330','2022-03-31 14:05:14','2022-03-31 14:05:14'),(155,6,'Kota','Jakarta Utara','14140','2022-03-31 14:05:14','2022-03-31 14:05:14'),(156,8,'Kota','Jambi','36111','2022-03-31 14:05:14','2022-03-31 14:05:14'),(157,24,'Kabupaten','Jayapura','99352','2022-03-31 14:05:14','2022-03-31 14:05:14'),(158,24,'Kota','Jayapura','99114','2022-03-31 14:05:14','2022-03-31 14:05:14'),(159,24,'Kabupaten','Jayawijaya','99511','2022-03-31 14:05:14','2022-03-31 14:05:14'),(160,11,'Kabupaten','Jember','68113','2022-03-31 14:05:15','2022-03-31 14:05:15'),(161,1,'Kabupaten','Jembrana','82251','2022-03-31 14:05:15','2022-03-31 14:05:15'),(162,28,'Kabupaten','Jeneponto','92319','2022-03-31 14:05:15','2022-03-31 14:05:15'),(163,10,'Kabupaten','Jepara','59419','2022-03-31 14:05:15','2022-03-31 14:05:15'),(164,11,'Kabupaten','Jombang','61415','2022-03-31 14:05:15','2022-03-31 14:05:15'),(165,25,'Kabupaten','Kaimana','98671','2022-03-31 14:05:15','2022-03-31 14:05:15'),(166,26,'Kabupaten','Kampar','28411','2022-03-31 14:05:15','2022-03-31 14:05:15'),(167,14,'Kabupaten','Kapuas','73583','2022-03-31 14:05:15','2022-03-31 14:05:15'),(168,12,'Kabupaten','Kapuas Hulu','78719','2022-03-31 14:05:15','2022-03-31 14:05:15'),(169,10,'Kabupaten','Karanganyar','57718','2022-03-31 14:05:15','2022-03-31 14:05:15'),(170,1,'Kabupaten','Karangasem','80819','2022-03-31 14:05:15','2022-03-31 14:05:15'),(171,9,'Kabupaten','Karawang','41311','2022-03-31 14:05:15','2022-03-31 14:05:15'),(172,17,'Kabupaten','Karimun','29611','2022-03-31 14:05:15','2022-03-31 14:05:15'),(173,34,'Kabupaten','Karo','22119','2022-03-31 14:05:15','2022-03-31 14:05:15'),(174,14,'Kabupaten','Katingan','74411','2022-03-31 14:05:15','2022-03-31 14:05:15'),(175,4,'Kabupaten','Kaur','38911','2022-03-31 14:05:15','2022-03-31 14:05:15'),(176,12,'Kabupaten','Kayong Utara','78852','2022-03-31 14:05:15','2022-03-31 14:05:15'),(177,10,'Kabupaten','Kebumen','54319','2022-03-31 14:05:15','2022-03-31 14:05:15'),(178,11,'Kabupaten','Kediri','64184','2022-03-31 14:05:15','2022-03-31 14:05:15'),(179,11,'Kota','Kediri','64125','2022-03-31 14:05:16','2022-03-31 14:05:16'),(180,24,'Kabupaten','Keerom','99461','2022-03-31 14:05:16','2022-03-31 14:05:16'),(181,10,'Kabupaten','Kendal','51314','2022-03-31 14:05:16','2022-03-31 14:05:16'),(182,30,'Kota','Kendari','93126','2022-03-31 14:05:16','2022-03-31 14:05:16'),(183,4,'Kabupaten','Kepahiang','39319','2022-03-31 14:05:16','2022-03-31 14:05:16'),(184,17,'Kabupaten','Kepulauan Anambas','29991','2022-03-31 14:05:16','2022-03-31 14:05:16'),(185,19,'Kabupaten','Kepulauan Aru','97681','2022-03-31 14:05:16','2022-03-31 14:05:16'),(186,32,'Kabupaten','Kepulauan Mentawai','25771','2022-03-31 14:05:16','2022-03-31 14:05:16'),(187,26,'Kabupaten','Kepulauan Meranti','28791','2022-03-31 14:05:16','2022-03-31 14:05:16'),(188,31,'Kabupaten','Kepulauan Sangihe','95819','2022-03-31 14:05:16','2022-03-31 14:05:16'),(189,6,'Kabupaten','Kepulauan Seribu','14550','2022-03-31 14:05:16','2022-03-31 14:05:16'),(190,31,'Kabupaten','Kepulauan Siau Tagulandang Biaro (Sitaro)','95862','2022-03-31 14:05:16','2022-03-31 14:05:16'),(191,20,'Kabupaten','Kepulauan Sula','97995','2022-03-31 14:05:16','2022-03-31 14:05:16'),(192,31,'Kabupaten','Kepulauan Talaud','95885','2022-03-31 14:05:16','2022-03-31 14:05:16'),(193,24,'Kabupaten','Kepulauan Yapen (Yapen Waropen)','98211','2022-03-31 14:05:16','2022-03-31 14:05:16'),(194,8,'Kabupaten','Kerinci','37167','2022-03-31 14:05:16','2022-03-31 14:05:16'),(195,12,'Kabupaten','Ketapang','78874','2022-03-31 14:05:16','2022-03-31 14:05:16'),(196,10,'Kabupaten','Klaten','57411','2022-03-31 14:05:16','2022-03-31 14:05:16'),(197,1,'Kabupaten','Klungkung','80719','2022-03-31 14:05:17','2022-03-31 14:05:17'),(198,30,'Kabupaten','Kolaka','93511','2022-03-31 14:05:17','2022-03-31 14:05:17'),(199,30,'Kabupaten','Kolaka Utara','93911','2022-03-31 14:05:17','2022-03-31 14:05:17'),(200,30,'Kabupaten','Konawe','93411','2022-03-31 14:05:17','2022-03-31 14:05:17'),(201,30,'Kabupaten','Konawe Selatan','93811','2022-03-31 14:05:17','2022-03-31 14:05:17'),(202,30,'Kabupaten','Konawe Utara','93311','2022-03-31 14:05:17','2022-03-31 14:05:17'),(203,13,'Kabupaten','Kotabaru','72119','2022-03-31 14:05:17','2022-03-31 14:05:17'),(204,31,'Kota','Kotamobagu','95711','2022-03-31 14:05:17','2022-03-31 14:05:17'),(205,14,'Kabupaten','Kotawaringin Barat','74119','2022-03-31 14:05:17','2022-03-31 14:05:17'),(206,14,'Kabupaten','Kotawaringin Timur','74364','2022-03-31 14:05:17','2022-03-31 14:05:17'),(207,26,'Kabupaten','Kuantan Singingi','29519','2022-03-31 14:05:17','2022-03-31 14:05:17'),(208,12,'Kabupaten','Kubu Raya','78311','2022-03-31 14:05:17','2022-03-31 14:05:17'),(209,10,'Kabupaten','Kudus','59311','2022-03-31 14:05:17','2022-03-31 14:05:17'),(210,5,'Kabupaten','Kulon Progo','55611','2022-03-31 14:05:17','2022-03-31 14:05:17'),(211,9,'Kabupaten','Kuningan','45511','2022-03-31 14:05:17','2022-03-31 14:05:17'),(212,23,'Kabupaten','Kupang','85362','2022-03-31 14:05:17','2022-03-31 14:05:17'),(213,23,'Kota','Kupang','85119','2022-03-31 14:05:17','2022-03-31 14:05:17'),(214,15,'Kabupaten','Kutai Barat','75711','2022-03-31 14:05:17','2022-03-31 14:05:17'),(215,15,'Kabupaten','Kutai Kartanegara','75511','2022-03-31 14:05:17','2022-03-31 14:05:17'),(216,15,'Kabupaten','Kutai Timur','75611','2022-03-31 14:05:18','2022-03-31 14:05:18'),(217,34,'Kabupaten','Labuhan Batu','21412','2022-03-31 14:05:18','2022-03-31 14:05:18'),(218,34,'Kabupaten','Labuhan Batu Selatan','21511','2022-03-31 14:05:18','2022-03-31 14:05:18'),(219,34,'Kabupaten','Labuhan Batu Utara','21711','2022-03-31 14:05:18','2022-03-31 14:05:18'),(220,33,'Kabupaten','Lahat','31419','2022-03-31 14:05:18','2022-03-31 14:05:18'),(221,14,'Kabupaten','Lamandau','74611','2022-03-31 14:05:18','2022-03-31 14:05:18'),(222,11,'Kabupaten','Lamongan','64125','2022-03-31 14:05:18','2022-03-31 14:05:18'),(223,18,'Kabupaten','Lampung Barat','34814','2022-03-31 14:05:18','2022-03-31 14:05:18'),(224,18,'Kabupaten','Lampung Selatan','35511','2022-03-31 14:05:18','2022-03-31 14:05:18'),(225,18,'Kabupaten','Lampung Tengah','34212','2022-03-31 14:05:18','2022-03-31 14:05:18'),(226,18,'Kabupaten','Lampung Timur','34319','2022-03-31 14:05:18','2022-03-31 14:05:18'),(227,18,'Kabupaten','Lampung Utara','34516','2022-03-31 14:05:18','2022-03-31 14:05:18'),(228,12,'Kabupaten','Landak','78319','2022-03-31 14:05:18','2022-03-31 14:05:18'),(229,34,'Kabupaten','Langkat','20811','2022-03-31 14:05:18','2022-03-31 14:05:18'),(230,21,'Kota','Langsa','24412','2022-03-31 14:05:18','2022-03-31 14:05:18'),(231,24,'Kabupaten','Lanny Jaya','99531','2022-03-31 14:05:18','2022-03-31 14:05:18'),(232,3,'Kabupaten','Lebak','42319','2022-03-31 14:05:19','2022-03-31 14:05:19'),(233,4,'Kabupaten','Lebong','39264','2022-03-31 14:05:19','2022-03-31 14:05:19'),(234,23,'Kabupaten','Lembata','86611','2022-03-31 14:05:19','2022-03-31 14:05:19'),(235,21,'Kota','Lhokseumawe','24352','2022-03-31 14:05:19','2022-03-31 14:05:19'),(236,32,'Kabupaten','Lima Puluh Koto/Kota','26671','2022-03-31 14:05:19','2022-03-31 14:05:19'),(237,17,'Kabupaten','Lingga','29811','2022-03-31 14:05:19','2022-03-31 14:05:19'),(238,22,'Kabupaten','Lombok Barat','83311','2022-03-31 14:05:19','2022-03-31 14:05:19'),(239,22,'Kabupaten','Lombok Tengah','83511','2022-03-31 14:05:19','2022-03-31 14:05:19'),(240,22,'Kabupaten','Lombok Timur','83612','2022-03-31 14:05:19','2022-03-31 14:05:19'),(241,22,'Kabupaten','Lombok Utara','83711','2022-03-31 14:05:19','2022-03-31 14:05:19'),(242,33,'Kota','Lubuk Linggau','31614','2022-03-31 14:05:19','2022-03-31 14:05:19'),(243,11,'Kabupaten','Lumajang','67319','2022-03-31 14:05:19','2022-03-31 14:05:19'),(244,28,'Kabupaten','Luwu','91994','2022-03-31 14:05:19','2022-03-31 14:05:19'),(245,28,'Kabupaten','Luwu Timur','92981','2022-03-31 14:05:19','2022-03-31 14:05:19'),(246,28,'Kabupaten','Luwu Utara','92911','2022-03-31 14:05:19','2022-03-31 14:05:19'),(247,11,'Kabupaten','Madiun','63153','2022-03-31 14:05:19','2022-03-31 14:05:19'),(248,11,'Kota','Madiun','63122','2022-03-31 14:05:19','2022-03-31 14:05:19'),(249,10,'Kabupaten','Magelang','56519','2022-03-31 14:05:20','2022-03-31 14:05:20'),(250,10,'Kota','Magelang','56133','2022-03-31 14:05:20','2022-03-31 14:05:20'),(251,11,'Kabupaten','Magetan','63314','2022-03-31 14:05:20','2022-03-31 14:05:20'),(252,9,'Kabupaten','Majalengka','45412','2022-03-31 14:05:20','2022-03-31 14:05:20'),(253,27,'Kabupaten','Majene','91411','2022-03-31 14:05:20','2022-03-31 14:05:20'),(254,28,'Kota','Makassar','90111','2022-03-31 14:05:20','2022-03-31 14:05:20'),(255,11,'Kabupaten','Malang','65163','2022-03-31 14:05:20','2022-03-31 14:05:20'),(256,11,'Kota','Malang','65112','2022-03-31 14:05:20','2022-03-31 14:05:20'),(257,16,'Kabupaten','Malinau','77511','2022-03-31 14:05:20','2022-03-31 14:05:20'),(258,19,'Kabupaten','Maluku Barat Daya','97451','2022-03-31 14:05:20','2022-03-31 14:05:20'),(259,19,'Kabupaten','Maluku Tengah','97513','2022-03-31 14:05:20','2022-03-31 14:05:20'),(260,19,'Kabupaten','Maluku Tenggara','97651','2022-03-31 14:05:20','2022-03-31 14:05:20'),(261,19,'Kabupaten','Maluku Tenggara Barat','97465','2022-03-31 14:05:20','2022-03-31 14:05:20'),(262,27,'Kabupaten','Mamasa','91362','2022-03-31 14:05:20','2022-03-31 14:05:20'),(263,24,'Kabupaten','Mamberamo Raya','99381','2022-03-31 14:05:20','2022-03-31 14:05:20'),(264,24,'Kabupaten','Mamberamo Tengah','99553','2022-03-31 14:05:20','2022-03-31 14:05:20'),(265,27,'Kabupaten','Mamuju','91519','2022-03-31 14:05:20','2022-03-31 14:05:20'),(266,27,'Kabupaten','Mamuju Utara','91571','2022-03-31 14:05:20','2022-03-31 14:05:20'),(267,31,'Kota','Manado','95247','2022-03-31 14:05:20','2022-03-31 14:05:20'),(268,34,'Kabupaten','Mandailing Natal','22916','2022-03-31 14:05:20','2022-03-31 14:05:20'),(269,23,'Kabupaten','Manggarai','86551','2022-03-31 14:05:21','2022-03-31 14:05:21'),(270,23,'Kabupaten','Manggarai Barat','86711','2022-03-31 14:05:21','2022-03-31 14:05:21'),(271,23,'Kabupaten','Manggarai Timur','86811','2022-03-31 14:05:21','2022-03-31 14:05:21'),(272,25,'Kabupaten','Manokwari','98311','2022-03-31 14:05:21','2022-03-31 14:05:21'),(273,25,'Kabupaten','Manokwari Selatan','98355','2022-03-31 14:05:21','2022-03-31 14:05:21'),(274,24,'Kabupaten','Mappi','99853','2022-03-31 14:05:21','2022-03-31 14:05:21'),(275,28,'Kabupaten','Maros','90511','2022-03-31 14:05:21','2022-03-31 14:05:21'),(276,22,'Kota','Mataram','83131','2022-03-31 14:05:21','2022-03-31 14:05:21'),(277,25,'Kabupaten','Maybrat','98051','2022-03-31 14:05:21','2022-03-31 14:05:21'),(278,34,'Kota','Medan','20228','2022-03-31 14:05:21','2022-03-31 14:05:21'),(279,12,'Kabupaten','Melawi','78619','2022-03-31 14:05:21','2022-03-31 14:05:21'),(280,8,'Kabupaten','Merangin','37319','2022-03-31 14:05:21','2022-03-31 14:05:21'),(281,24,'Kabupaten','Merauke','99613','2022-03-31 14:05:21','2022-03-31 14:05:21'),(282,18,'Kabupaten','Mesuji','34911','2022-03-31 14:05:21','2022-03-31 14:05:21'),(283,18,'Kota','Metro','34111','2022-03-31 14:05:21','2022-03-31 14:05:21'),(284,24,'Kabupaten','Mimika','99962','2022-03-31 14:05:21','2022-03-31 14:05:21'),(285,31,'Kabupaten','Minahasa','95614','2022-03-31 14:05:21','2022-03-31 14:05:21'),(286,31,'Kabupaten','Minahasa Selatan','95914','2022-03-31 14:05:21','2022-03-31 14:05:21'),(287,31,'Kabupaten','Minahasa Tenggara','95995','2022-03-31 14:05:21','2022-03-31 14:05:21'),(288,31,'Kabupaten','Minahasa Utara','95316','2022-03-31 14:05:21','2022-03-31 14:05:21'),(289,11,'Kabupaten','Mojokerto','61382','2022-03-31 14:05:22','2022-03-31 14:05:22'),(290,11,'Kota','Mojokerto','61316','2022-03-31 14:05:22','2022-03-31 14:05:22'),(291,29,'Kabupaten','Morowali','94911','2022-03-31 14:05:22','2022-03-31 14:05:22'),(292,33,'Kabupaten','Muara Enim','31315','2022-03-31 14:05:22','2022-03-31 14:05:22'),(293,8,'Kabupaten','Muaro Jambi','36311','2022-03-31 14:05:22','2022-03-31 14:05:22'),(294,4,'Kabupaten','Muko Muko','38715','2022-03-31 14:05:22','2022-03-31 14:05:22'),(295,30,'Kabupaten','Muna','93611','2022-03-31 14:05:22','2022-03-31 14:05:22'),(296,14,'Kabupaten','Murung Raya','73911','2022-03-31 14:05:22','2022-03-31 14:05:22'),(297,33,'Kabupaten','Musi Banyuasin','30719','2022-03-31 14:05:22','2022-03-31 14:05:22'),(298,33,'Kabupaten','Musi Rawas','31661','2022-03-31 14:05:22','2022-03-31 14:05:22'),(299,24,'Kabupaten','Nabire','98816','2022-03-31 14:05:22','2022-03-31 14:05:22'),(300,21,'Kabupaten','Nagan Raya','23674','2022-03-31 14:05:22','2022-03-31 14:05:22'),(301,23,'Kabupaten','Nagekeo','86911','2022-03-31 14:05:22','2022-03-31 14:05:22'),(302,17,'Kabupaten','Natuna','29711','2022-03-31 14:05:22','2022-03-31 14:05:22'),(303,24,'Kabupaten','Nduga','99541','2022-03-31 14:05:22','2022-03-31 14:05:22'),(304,23,'Kabupaten','Ngada','86413','2022-03-31 14:05:22','2022-03-31 14:05:22'),(305,11,'Kabupaten','Nganjuk','64414','2022-03-31 14:05:22','2022-03-31 14:05:22'),(306,11,'Kabupaten','Ngawi','63219','2022-03-31 14:05:22','2022-03-31 14:05:22'),(307,34,'Kabupaten','Nias','22876','2022-03-31 14:05:22','2022-03-31 14:05:22'),(308,34,'Kabupaten','Nias Barat','22895','2022-03-31 14:05:23','2022-03-31 14:05:23'),(309,34,'Kabupaten','Nias Selatan','22865','2022-03-31 14:05:23','2022-03-31 14:05:23'),(310,34,'Kabupaten','Nias Utara','22856','2022-03-31 14:05:23','2022-03-31 14:05:23'),(311,16,'Kabupaten','Nunukan','77421','2022-03-31 14:05:23','2022-03-31 14:05:23'),(312,33,'Kabupaten','Ogan Ilir','30811','2022-03-31 14:05:23','2022-03-31 14:05:23'),(313,33,'Kabupaten','Ogan Komering Ilir','30618','2022-03-31 14:05:23','2022-03-31 14:05:23'),(314,33,'Kabupaten','Ogan Komering Ulu','32112','2022-03-31 14:05:23','2022-03-31 14:05:23'),(315,33,'Kabupaten','Ogan Komering Ulu Selatan','32211','2022-03-31 14:05:23','2022-03-31 14:05:23'),(316,33,'Kabupaten','Ogan Komering Ulu Timur','32312','2022-03-31 14:05:23','2022-03-31 14:05:23'),(317,11,'Kabupaten','Pacitan','63512','2022-03-31 14:05:23','2022-03-31 14:05:23'),(318,32,'Kota','Padang','25112','2022-03-31 14:05:23','2022-03-31 14:05:23'),(319,34,'Kabupaten','Padang Lawas','22763','2022-03-31 14:05:23','2022-03-31 14:05:23'),(320,34,'Kabupaten','Padang Lawas Utara','22753','2022-03-31 14:05:23','2022-03-31 14:05:23'),(321,32,'Kota','Padang Panjang','27122','2022-03-31 14:05:23','2022-03-31 14:05:23'),(322,32,'Kabupaten','Padang Pariaman','25583','2022-03-31 14:05:23','2022-03-31 14:05:23'),(323,34,'Kota','Padang Sidempuan','22727','2022-03-31 14:05:23','2022-03-31 14:05:23'),(324,33,'Kota','Pagar Alam','31512','2022-03-31 14:05:23','2022-03-31 14:05:23'),(325,34,'Kabupaten','Pakpak Bharat','22272','2022-03-31 14:05:23','2022-03-31 14:05:23'),(326,14,'Kota','Palangka Raya','73112','2022-03-31 14:05:23','2022-03-31 14:05:23'),(327,33,'Kota','Palembang','30111','2022-03-31 14:05:24','2022-03-31 14:05:24'),(328,28,'Kota','Palopo','91911','2022-03-31 14:05:24','2022-03-31 14:05:24'),(329,29,'Kota','Palu','94111','2022-03-31 14:05:24','2022-03-31 14:05:24'),(330,11,'Kabupaten','Pamekasan','69319','2022-03-31 14:05:24','2022-03-31 14:05:24'),(331,3,'Kabupaten','Pandeglang','42212','2022-03-31 14:05:24','2022-03-31 14:05:24'),(332,9,'Kabupaten','Pangandaran','46511','2022-03-31 14:05:24','2022-03-31 14:05:24'),(333,28,'Kabupaten','Pangkajene Kepulauan','90611','2022-03-31 14:05:24','2022-03-31 14:05:24'),(334,2,'Kota','Pangkal Pinang','33115','2022-03-31 14:05:24','2022-03-31 14:05:24'),(335,24,'Kabupaten','Paniai','98765','2022-03-31 14:05:24','2022-03-31 14:05:24'),(336,28,'Kota','Parepare','91123','2022-03-31 14:05:24','2022-03-31 14:05:24'),(337,32,'Kota','Pariaman','25511','2022-03-31 14:05:24','2022-03-31 14:05:24'),(338,29,'Kabupaten','Parigi Moutong','94411','2022-03-31 14:05:24','2022-03-31 14:05:24'),(339,32,'Kabupaten','Pasaman','26318','2022-03-31 14:05:24','2022-03-31 14:05:24'),(340,32,'Kabupaten','Pasaman Barat','26511','2022-03-31 14:05:24','2022-03-31 14:05:24'),(341,15,'Kabupaten','Paser','76211','2022-03-31 14:05:24','2022-03-31 14:05:24'),(342,11,'Kabupaten','Pasuruan','67153','2022-03-31 14:05:24','2022-03-31 14:05:24'),(343,11,'Kota','Pasuruan','67118','2022-03-31 14:05:24','2022-03-31 14:05:24'),(344,10,'Kabupaten','Pati','59114','2022-03-31 14:05:24','2022-03-31 14:05:24'),(345,32,'Kota','Payakumbuh','26213','2022-03-31 14:05:25','2022-03-31 14:05:25'),(346,25,'Kabupaten','Pegunungan Arfak','98354','2022-03-31 14:05:25','2022-03-31 14:05:25'),(347,24,'Kabupaten','Pegunungan Bintang','99573','2022-03-31 14:05:25','2022-03-31 14:05:25'),(348,10,'Kabupaten','Pekalongan','51161','2022-03-31 14:05:25','2022-03-31 14:05:25'),(349,10,'Kota','Pekalongan','51122','2022-03-31 14:05:25','2022-03-31 14:05:25'),(350,26,'Kota','Pekanbaru','28112','2022-03-31 14:05:25','2022-03-31 14:05:25'),(351,26,'Kabupaten','Pelalawan','28311','2022-03-31 14:05:25','2022-03-31 14:05:25'),(352,10,'Kabupaten','Pemalang','52319','2022-03-31 14:05:25','2022-03-31 14:05:25'),(353,34,'Kota','Pematang Siantar','21126','2022-03-31 14:05:25','2022-03-31 14:05:25'),(354,15,'Kabupaten','Penajam Paser Utara','76311','2022-03-31 14:05:25','2022-03-31 14:05:25'),(355,18,'Kabupaten','Pesawaran','35312','2022-03-31 14:05:25','2022-03-31 14:05:25'),(356,18,'Kabupaten','Pesisir Barat','35974','2022-03-31 14:05:25','2022-03-31 14:05:25'),(357,32,'Kabupaten','Pesisir Selatan','25611','2022-03-31 14:05:25','2022-03-31 14:05:25'),(358,21,'Kabupaten','Pidie','24116','2022-03-31 14:05:25','2022-03-31 14:05:25'),(359,21,'Kabupaten','Pidie Jaya','24186','2022-03-31 14:05:25','2022-03-31 14:05:25'),(360,28,'Kabupaten','Pinrang','91251','2022-03-31 14:05:25','2022-03-31 14:05:25'),(361,7,'Kabupaten','Pohuwato','96419','2022-03-31 14:05:25','2022-03-31 14:05:25'),(362,27,'Kabupaten','Polewali Mandar','91311','2022-03-31 14:05:25','2022-03-31 14:05:25'),(363,11,'Kabupaten','Ponorogo','63411','2022-03-31 14:05:26','2022-03-31 14:05:26'),(364,12,'Kabupaten','Pontianak','78971','2022-03-31 14:05:26','2022-03-31 14:05:26'),(365,12,'Kota','Pontianak','78112','2022-03-31 14:05:26','2022-03-31 14:05:26'),(366,29,'Kabupaten','Poso','94615','2022-03-31 14:05:26','2022-03-31 14:05:26'),(367,33,'Kota','Prabumulih','31121','2022-03-31 14:05:26','2022-03-31 14:05:26'),(368,18,'Kabupaten','Pringsewu','35719','2022-03-31 14:05:26','2022-03-31 14:05:26'),(369,11,'Kabupaten','Probolinggo','67282','2022-03-31 14:05:26','2022-03-31 14:05:26'),(370,11,'Kota','Probolinggo','67215','2022-03-31 14:05:26','2022-03-31 14:05:26'),(371,14,'Kabupaten','Pulang Pisau','74811','2022-03-31 14:05:26','2022-03-31 14:05:26'),(372,20,'Kabupaten','Pulau Morotai','97771','2022-03-31 14:05:26','2022-03-31 14:05:26'),(373,24,'Kabupaten','Puncak','98981','2022-03-31 14:05:26','2022-03-31 14:05:26'),(374,24,'Kabupaten','Puncak Jaya','98979','2022-03-31 14:05:26','2022-03-31 14:05:26'),(375,10,'Kabupaten','Purbalingga','53312','2022-03-31 14:05:26','2022-03-31 14:05:26'),(376,9,'Kabupaten','Purwakarta','41119','2022-03-31 14:05:26','2022-03-31 14:05:26'),(377,10,'Kabupaten','Purworejo','54111','2022-03-31 14:05:26','2022-03-31 14:05:26'),(378,25,'Kabupaten','Raja Ampat','98489','2022-03-31 14:05:26','2022-03-31 14:05:26'),(379,4,'Kabupaten','Rejang Lebong','39112','2022-03-31 14:05:26','2022-03-31 14:05:26'),(380,10,'Kabupaten','Rembang','59219','2022-03-31 14:05:26','2022-03-31 14:05:26'),(381,26,'Kabupaten','Rokan Hilir','28992','2022-03-31 14:05:26','2022-03-31 14:05:26'),(382,26,'Kabupaten','Rokan Hulu','28511','2022-03-31 14:05:27','2022-03-31 14:05:27'),(383,23,'Kabupaten','Rote Ndao','85982','2022-03-31 14:05:27','2022-03-31 14:05:27'),(384,21,'Kota','Sabang','23512','2022-03-31 14:05:27','2022-03-31 14:05:27'),(385,23,'Kabupaten','Sabu Raijua','85391','2022-03-31 14:05:27','2022-03-31 14:05:27'),(386,10,'Kota','Salatiga','50711','2022-03-31 14:05:27','2022-03-31 14:05:27'),(387,15,'Kota','Samarinda','75133','2022-03-31 14:05:27','2022-03-31 14:05:27'),(388,12,'Kabupaten','Sambas','79453','2022-03-31 14:05:27','2022-03-31 14:05:27'),(389,34,'Kabupaten','Samosir','22392','2022-03-31 14:05:27','2022-03-31 14:05:27'),(390,11,'Kabupaten','Sampang','69219','2022-03-31 14:05:27','2022-03-31 14:05:27'),(391,12,'Kabupaten','Sanggau','78557','2022-03-31 14:05:27','2022-03-31 14:05:27'),(392,24,'Kabupaten','Sarmi','99373','2022-03-31 14:05:27','2022-03-31 14:05:27'),(393,8,'Kabupaten','Sarolangun','37419','2022-03-31 14:05:27','2022-03-31 14:05:27'),(394,32,'Kota','Sawah Lunto','27416','2022-03-31 14:05:27','2022-03-31 14:05:27'),(395,12,'Kabupaten','Sekadau','79583','2022-03-31 14:05:27','2022-03-31 14:05:27'),(396,28,'Kabupaten','Selayar (Kepulauan Selayar)','92812','2022-03-31 14:05:27','2022-03-31 14:05:27'),(397,4,'Kabupaten','Seluma','38811','2022-03-31 14:05:27','2022-03-31 14:05:27'),(398,10,'Kabupaten','Semarang','50511','2022-03-31 14:05:28','2022-03-31 14:05:28'),(399,10,'Kota','Semarang','50135','2022-03-31 14:05:28','2022-03-31 14:05:28'),(400,19,'Kabupaten','Seram Bagian Barat','97561','2022-03-31 14:05:28','2022-03-31 14:05:28'),(401,19,'Kabupaten','Seram Bagian Timur','97581','2022-03-31 14:05:28','2022-03-31 14:05:28'),(402,3,'Kabupaten','Serang','42182','2022-03-31 14:05:28','2022-03-31 14:05:28'),(403,3,'Kota','Serang','42111','2022-03-31 14:05:28','2022-03-31 14:05:28'),(404,34,'Kabupaten','Serdang Bedagai','20915','2022-03-31 14:05:28','2022-03-31 14:05:28'),(405,14,'Kabupaten','Seruyan','74211','2022-03-31 14:05:28','2022-03-31 14:05:28'),(406,26,'Kabupaten','Siak','28623','2022-03-31 14:05:28','2022-03-31 14:05:28'),(407,34,'Kota','Sibolga','22522','2022-03-31 14:05:28','2022-03-31 14:05:28'),(408,28,'Kabupaten','Sidenreng Rappang/Rapang','91613','2022-03-31 14:05:28','2022-03-31 14:05:28'),(409,11,'Kabupaten','Sidoarjo','61219','2022-03-31 14:05:28','2022-03-31 14:05:28'),(410,29,'Kabupaten','Sigi','94364','2022-03-31 14:05:28','2022-03-31 14:05:28'),(411,32,'Kabupaten','Sijunjung (Sawah Lunto Sijunjung)','27511','2022-03-31 14:05:28','2022-03-31 14:05:28'),(412,23,'Kabupaten','Sikka','86121','2022-03-31 14:05:28','2022-03-31 14:05:28'),(413,34,'Kabupaten','Simalungun','21162','2022-03-31 14:05:28','2022-03-31 14:05:28'),(414,21,'Kabupaten','Simeulue','23891','2022-03-31 14:05:28','2022-03-31 14:05:28'),(415,12,'Kota','Singkawang','79117','2022-03-31 14:05:28','2022-03-31 14:05:28'),(416,28,'Kabupaten','Sinjai','92615','2022-03-31 14:05:28','2022-03-31 14:05:28'),(417,12,'Kabupaten','Sintang','78619','2022-03-31 14:05:29','2022-03-31 14:05:29'),(418,11,'Kabupaten','Situbondo','68316','2022-03-31 14:05:29','2022-03-31 14:05:29'),(419,5,'Kabupaten','Sleman','55513','2022-03-31 14:05:29','2022-03-31 14:05:29'),(420,32,'Kabupaten','Solok','27365','2022-03-31 14:05:29','2022-03-31 14:05:29'),(421,32,'Kota','Solok','27315','2022-03-31 14:05:29','2022-03-31 14:05:29'),(422,32,'Kabupaten','Solok Selatan','27779','2022-03-31 14:05:29','2022-03-31 14:05:29'),(423,28,'Kabupaten','Soppeng','90812','2022-03-31 14:05:29','2022-03-31 14:05:29'),(424,25,'Kabupaten','Sorong','98431','2022-03-31 14:05:29','2022-03-31 14:05:29'),(425,25,'Kota','Sorong','98411','2022-03-31 14:05:29','2022-03-31 14:05:29'),(426,25,'Kabupaten','Sorong Selatan','98454','2022-03-31 14:05:29','2022-03-31 14:05:29'),(427,10,'Kabupaten','Sragen','57211','2022-03-31 14:05:29','2022-03-31 14:05:29'),(428,9,'Kabupaten','Subang','41215','2022-03-31 14:05:29','2022-03-31 14:05:29'),(429,21,'Kota','Subulussalam','24882','2022-03-31 14:05:29','2022-03-31 14:05:29'),(430,9,'Kabupaten','Sukabumi','43311','2022-03-31 14:05:29','2022-03-31 14:05:29'),(431,9,'Kota','Sukabumi','43114','2022-03-31 14:05:29','2022-03-31 14:05:29'),(432,14,'Kabupaten','Sukamara','74712','2022-03-31 14:05:29','2022-03-31 14:05:29'),(433,10,'Kabupaten','Sukoharjo','57514','2022-03-31 14:05:29','2022-03-31 14:05:29'),(434,23,'Kabupaten','Sumba Barat','87219','2022-03-31 14:05:29','2022-03-31 14:05:29'),(435,23,'Kabupaten','Sumba Barat Daya','87453','2022-03-31 14:05:29','2022-03-31 14:05:29'),(436,23,'Kabupaten','Sumba Tengah','87358','2022-03-31 14:05:30','2022-03-31 14:05:30'),(437,23,'Kabupaten','Sumba Timur','87112','2022-03-31 14:05:30','2022-03-31 14:05:30'),(438,22,'Kabupaten','Sumbawa','84315','2022-03-31 14:05:30','2022-03-31 14:05:30'),(439,22,'Kabupaten','Sumbawa Barat','84419','2022-03-31 14:05:30','2022-03-31 14:05:30'),(440,9,'Kabupaten','Sumedang','45326','2022-03-31 14:05:30','2022-03-31 14:05:30'),(441,11,'Kabupaten','Sumenep','69413','2022-03-31 14:05:30','2022-03-31 14:05:30'),(442,8,'Kota','Sungaipenuh','37113','2022-03-31 14:05:30','2022-03-31 14:05:30'),(443,24,'Kabupaten','Supiori','98164','2022-03-31 14:05:30','2022-03-31 14:05:30'),(444,11,'Kota','Surabaya','60119','2022-03-31 14:05:30','2022-03-31 14:05:30'),(445,10,'Kota','Surakarta (Solo)','57113','2022-03-31 14:05:30','2022-03-31 14:05:30'),(446,13,'Kabupaten','Tabalong','71513','2022-03-31 14:05:30','2022-03-31 14:05:30'),(447,1,'Kabupaten','Tabanan','82119','2022-03-31 14:05:30','2022-03-31 14:05:30'),(448,28,'Kabupaten','Takalar','92212','2022-03-31 14:05:30','2022-03-31 14:05:30'),(449,25,'Kabupaten','Tambrauw','98475','2022-03-31 14:05:30','2022-03-31 14:05:30'),(450,16,'Kabupaten','Tana Tidung','77611','2022-03-31 14:05:30','2022-03-31 14:05:30'),(451,28,'Kabupaten','Tana Toraja','91819','2022-03-31 14:05:30','2022-03-31 14:05:30'),(452,13,'Kabupaten','Tanah Bumbu','72211','2022-03-31 14:05:30','2022-03-31 14:05:30'),(453,32,'Kabupaten','Tanah Datar','27211','2022-03-31 14:05:31','2022-03-31 14:05:31'),(454,13,'Kabupaten','Tanah Laut','70811','2022-03-31 14:05:31','2022-03-31 14:05:31'),(455,3,'Kabupaten','Tangerang','15914','2022-03-31 14:05:31','2022-03-31 14:05:31'),(456,3,'Kota','Tangerang','15111','2022-03-31 14:05:31','2022-03-31 14:05:31'),(457,3,'Kota','Tangerang Selatan','15435','2022-03-31 14:05:31','2022-03-31 14:05:31'),(458,18,'Kabupaten','Tanggamus','35619','2022-03-31 14:05:31','2022-03-31 14:05:31'),(459,34,'Kota','Tanjung Balai','21321','2022-03-31 14:05:31','2022-03-31 14:05:31'),(460,8,'Kabupaten','Tanjung Jabung Barat','36513','2022-03-31 14:05:31','2022-03-31 14:05:31'),(461,8,'Kabupaten','Tanjung Jabung Timur','36719','2022-03-31 14:05:31','2022-03-31 14:05:31'),(462,17,'Kota','Tanjung Pinang','29111','2022-03-31 14:05:31','2022-03-31 14:05:31'),(463,34,'Kabupaten','Tapanuli Selatan','22742','2022-03-31 14:05:31','2022-03-31 14:05:31'),(464,34,'Kabupaten','Tapanuli Tengah','22611','2022-03-31 14:05:31','2022-03-31 14:05:31'),(465,34,'Kabupaten','Tapanuli Utara','22414','2022-03-31 14:05:31','2022-03-31 14:05:31'),(466,13,'Kabupaten','Tapin','71119','2022-03-31 14:05:31','2022-03-31 14:05:31'),(467,16,'Kota','Tarakan','77114','2022-03-31 14:05:31','2022-03-31 14:05:31'),(468,9,'Kabupaten','Tasikmalaya','46411','2022-03-31 14:05:31','2022-03-31 14:05:31'),(469,9,'Kota','Tasikmalaya','46116','2022-03-31 14:05:31','2022-03-31 14:05:31'),(470,34,'Kota','Tebing Tinggi','20632','2022-03-31 14:05:31','2022-03-31 14:05:31'),(471,8,'Kabupaten','Tebo','37519','2022-03-31 14:05:32','2022-03-31 14:05:32'),(472,10,'Kabupaten','Tegal','52419','2022-03-31 14:05:32','2022-03-31 14:05:32'),(473,10,'Kota','Tegal','52114','2022-03-31 14:05:32','2022-03-31 14:05:32'),(474,25,'Kabupaten','Teluk Bintuni','98551','2022-03-31 14:05:32','2022-03-31 14:05:32'),(475,25,'Kabupaten','Teluk Wondama','98591','2022-03-31 14:05:32','2022-03-31 14:05:32'),(476,10,'Kabupaten','Temanggung','56212','2022-03-31 14:05:32','2022-03-31 14:05:32'),(477,20,'Kota','Ternate','97714','2022-03-31 14:05:32','2022-03-31 14:05:32'),(478,20,'Kota','Tidore Kepulauan','97815','2022-03-31 14:05:32','2022-03-31 14:05:32'),(479,23,'Kabupaten','Timor Tengah Selatan','85562','2022-03-31 14:05:32','2022-03-31 14:05:32'),(480,23,'Kabupaten','Timor Tengah Utara','85612','2022-03-31 14:05:32','2022-03-31 14:05:32'),(481,34,'Kabupaten','Toba Samosir','22316','2022-03-31 14:05:32','2022-03-31 14:05:32'),(482,29,'Kabupaten','Tojo Una-Una','94683','2022-03-31 14:05:32','2022-03-31 14:05:32'),(483,29,'Kabupaten','Toli-Toli','94542','2022-03-31 14:05:32','2022-03-31 14:05:32'),(484,24,'Kabupaten','Tolikara','99411','2022-03-31 14:05:32','2022-03-31 14:05:32'),(485,31,'Kota','Tomohon','95416','2022-03-31 14:05:32','2022-03-31 14:05:32'),(486,28,'Kabupaten','Toraja Utara','91831','2022-03-31 14:05:32','2022-03-31 14:05:32'),(487,11,'Kabupaten','Trenggalek','66312','2022-03-31 14:05:32','2022-03-31 14:05:32'),(488,19,'Kota','Tual','97612','2022-03-31 14:05:32','2022-03-31 14:05:32'),(489,11,'Kabupaten','Tuban','62319','2022-03-31 14:05:33','2022-03-31 14:05:33'),(490,18,'Kabupaten','Tulang Bawang','34613','2022-03-31 14:05:33','2022-03-31 14:05:33'),(491,18,'Kabupaten','Tulang Bawang Barat','34419','2022-03-31 14:05:33','2022-03-31 14:05:33'),(492,11,'Kabupaten','Tulungagung','66212','2022-03-31 14:05:33','2022-03-31 14:05:33'),(493,28,'Kabupaten','Wajo','90911','2022-03-31 14:05:33','2022-03-31 14:05:33'),(494,30,'Kabupaten','Wakatobi','93791','2022-03-31 14:05:33','2022-03-31 14:05:33'),(495,24,'Kabupaten','Waropen','98269','2022-03-31 14:05:33','2022-03-31 14:05:33'),(496,18,'Kabupaten','Way Kanan','34711','2022-03-31 14:05:33','2022-03-31 14:05:33'),(497,10,'Kabupaten','Wonogiri','57619','2022-03-31 14:05:33','2022-03-31 14:05:33'),(498,10,'Kabupaten','Wonosobo','56311','2022-03-31 14:05:33','2022-03-31 14:05:33'),(499,24,'Kabupaten','Yahukimo','99041','2022-03-31 14:05:33','2022-03-31 14:05:33'),(500,24,'Kabupaten','Yalimo','99481','2022-03-31 14:05:33','2022-03-31 14:05:33'),(501,5,'Kota','Yogyakarta','55111','2022-03-31 14:05:33','2022-03-31 14:05:33');
/*!40000 ALTER TABLE `cities` ENABLE KEYS */;
UNLOCK TABLES;

--
-- Table structure for table `detail_transactions`
--

DROP TABLE IF EXISTS `detail_transactions`;
/*!40101 SET @saved_cs_client     = @@character_set_client */;
/*!40101 SET character_set_client = utf8 */;
CREATE TABLE `detail_transactions` (
  `id` bigint(20) unsigned NOT NULL AUTO_INCREMENT,
  `transaction_id` bigint(20) unsigned NOT NULL,
  `user_id` bigint(20) unsigned NOT NULL,
  `product_id` bigint(20) unsigned NOT NULL,
  `order_number` varchar(255) COLLATE utf8mb4_unicode_ci NOT NULL,
  `quantity` int(11) NOT NULL,
  `price` decimal(8,2) NOT NULL,
  `total` decimal(8,2) NOT NULL,
  `created_at` timestamp NULL DEFAULT NULL,
  `updated_at` timestamp NULL DEFAULT NULL,
  PRIMARY KEY (`id`),
  KEY `detail_transactions_transaction_id_foreign` (`transaction_id`),
  KEY `detail_transactions_user_id_foreign` (`user_id`),
  KEY `detail_transactions_product_id_foreign` (`product_id`),
  CONSTRAINT `detail_transactions_product_id_foreign` FOREIGN KEY (`product_id`) REFERENCES `products` (`id`) ON DELETE CASCADE ON UPDATE CASCADE,
  CONSTRAINT `detail_transactions_transaction_id_foreign` FOREIGN KEY (`transaction_id`) REFERENCES `transactions` (`id`) ON DELETE CASCADE ON UPDATE CASCADE,
  CONSTRAINT `detail_transactions_user_id_foreign` FOREIGN KEY (`user_id`) REFERENCES `users` (`id`) ON DELETE CASCADE ON UPDATE CASCADE
) ENGINE=InnoDB DEFAULT CHARSET=utf8mb4 COLLATE=utf8mb4_unicode_ci;
/*!40101 SET character_set_client = @saved_cs_client */;

--
-- Dumping data for table `detail_transactions`
--

LOCK TABLES `detail_transactions` WRITE;
/*!40000 ALTER TABLE `detail_transactions` DISABLE KEYS */;
/*!40000 ALTER TABLE `detail_transactions` ENABLE KEYS */;
UNLOCK TABLES;

--
-- Table structure for table `failed_jobs`
--

DROP TABLE IF EXISTS `failed_jobs`;
/*!40101 SET @saved_cs_client     = @@character_set_client */;
/*!40101 SET character_set_client = utf8 */;
CREATE TABLE `failed_jobs` (
  `id` bigint(20) unsigned NOT NULL AUTO_INCREMENT,
  `uuid` varchar(255) COLLATE utf8mb4_unicode_ci NOT NULL,
  `connection` text COLLATE utf8mb4_unicode_ci NOT NULL,
  `queue` text COLLATE utf8mb4_unicode_ci NOT NULL,
  `payload` longtext COLLATE utf8mb4_unicode_ci NOT NULL,
  `exception` longtext COLLATE utf8mb4_unicode_ci NOT NULL,
  `failed_at` timestamp NOT NULL DEFAULT CURRENT_TIMESTAMP,
  PRIMARY KEY (`id`),
  UNIQUE KEY `failed_jobs_uuid_unique` (`uuid`)
) ENGINE=InnoDB DEFAULT CHARSET=utf8mb4 COLLATE=utf8mb4_unicode_ci;
/*!40101 SET character_set_client = @saved_cs_client */;

--
-- Dumping data for table `failed_jobs`
--

LOCK TABLES `failed_jobs` WRITE;
/*!40000 ALTER TABLE `failed_jobs` DISABLE KEYS */;
/*!40000 ALTER TABLE `failed_jobs` ENABLE KEYS */;
UNLOCK TABLES;

--
-- Table structure for table `jobs`
--

DROP TABLE IF EXISTS `jobs`;
/*!40101 SET @saved_cs_client     = @@character_set_client */;
/*!40101 SET character_set_client = utf8 */;
CREATE TABLE `jobs` (
  `id` bigint(20) unsigned NOT NULL AUTO_INCREMENT,
  `queue` varchar(255) COLLATE utf8mb4_unicode_ci NOT NULL,
  `payload` longtext COLLATE utf8mb4_unicode_ci NOT NULL,
  `attempts` tinyint(3) unsigned NOT NULL,
  `reserved_at` int(10) unsigned DEFAULT NULL,
  `available_at` int(10) unsigned NOT NULL,
  `created_at` int(10) unsigned NOT NULL,
  PRIMARY KEY (`id`),
  KEY `jobs_queue_index` (`queue`)
) ENGINE=InnoDB DEFAULT CHARSET=utf8mb4 COLLATE=utf8mb4_unicode_ci;
/*!40101 SET character_set_client = @saved_cs_client */;

--
-- Dumping data for table `jobs`
--

LOCK TABLES `jobs` WRITE;
/*!40000 ALTER TABLE `jobs` DISABLE KEYS */;
/*!40000 ALTER TABLE `jobs` ENABLE KEYS */;
UNLOCK TABLES;

--
-- Table structure for table `migrations`
--

DROP TABLE IF EXISTS `migrations`;
/*!40101 SET @saved_cs_client     = @@character_set_client */;
/*!40101 SET character_set_client = utf8 */;
CREATE TABLE `migrations` (
  `id` int(10) unsigned NOT NULL AUTO_INCREMENT,
  `migration` varchar(255) COLLATE utf8mb4_unicode_ci NOT NULL,
  `batch` int(11) NOT NULL,
  PRIMARY KEY (`id`)
) ENGINE=InnoDB AUTO_INCREMENT=15 DEFAULT CHARSET=utf8mb4 COLLATE=utf8mb4_unicode_ci;
/*!40101 SET character_set_client = @saved_cs_client */;

--
-- Dumping data for table `migrations`
--

LOCK TABLES `migrations` WRITE;
/*!40000 ALTER TABLE `migrations` DISABLE KEYS */;
INSERT INTO `migrations` VALUES (1,'2014_10_12_100000_create_password_resets_table',1),(2,'2019_08_19_000000_create_failed_jobs_table',1),(3,'2019_12_14_000001_create_personal_access_tokens_table',1),(4,'2022_01_22_021847_create_provinces_table',1),(5,'2022_01_22_022104_create_cities_table',1),(6,'2022_01_22_022105_create_users_table',1),(7,'2022_01_22_031847_create_categories_table',1),(8,'2022_01_22_035847_create_products_table',1),(9,'2022_01_23_064399_create_carts_table',1),(10,'2022_01_23_064400_create_transactions_table',1),(11,'2022_01_23_065139_create_detail_transactions_table',1),(12,'2022_01_31_084755_create_permission_tables',1),(13,'2022_02_08_065202_create_jobs_table',1),(14,'2022_02_13_073106_create_orders_table',1);
/*!40000 ALTER TABLE `migrations` ENABLE KEYS */;
UNLOCK TABLES;

--
-- Table structure for table `model_has_permissions`
--

DROP TABLE IF EXISTS `model_has_permissions`;
/*!40101 SET @saved_cs_client     = @@character_set_client */;
/*!40101 SET character_set_client = utf8 */;
CREATE TABLE `model_has_permissions` (
  `permission_id` bigint(20) unsigned NOT NULL,
  `model_type` varchar(255) COLLATE utf8mb4_unicode_ci NOT NULL,
  `model_id` bigint(20) unsigned NOT NULL,
  PRIMARY KEY (`permission_id`,`model_id`,`model_type`),
  KEY `model_has_permissions_model_id_model_type_index` (`model_id`,`model_type`),
  CONSTRAINT `model_has_permissions_permission_id_foreign` FOREIGN KEY (`permission_id`) REFERENCES `permissions` (`id`) ON DELETE CASCADE
) ENGINE=InnoDB DEFAULT CHARSET=utf8mb4 COLLATE=utf8mb4_unicode_ci;
/*!40101 SET character_set_client = @saved_cs_client */;

--
-- Dumping data for table `model_has_permissions`
--

LOCK TABLES `model_has_permissions` WRITE;
/*!40000 ALTER TABLE `model_has_permissions` DISABLE KEYS */;
/*!40000 ALTER TABLE `model_has_permissions` ENABLE KEYS */;
UNLOCK TABLES;

--
-- Table structure for table `model_has_roles`
--

DROP TABLE IF EXISTS `model_has_roles`;
/*!40101 SET @saved_cs_client     = @@character_set_client */;
/*!40101 SET character_set_client = utf8 */;
CREATE TABLE `model_has_roles` (
  `role_id` bigint(20) unsigned NOT NULL,
  `model_type` varchar(255) COLLATE utf8mb4_unicode_ci NOT NULL,
  `model_id` bigint(20) unsigned NOT NULL,
  PRIMARY KEY (`role_id`,`model_id`,`model_type`),
  KEY `model_has_roles_model_id_model_type_index` (`model_id`,`model_type`),
  CONSTRAINT `model_has_roles_role_id_foreign` FOREIGN KEY (`role_id`) REFERENCES `roles` (`id`) ON DELETE CASCADE
) ENGINE=InnoDB DEFAULT CHARSET=utf8mb4 COLLATE=utf8mb4_unicode_ci;
/*!40101 SET character_set_client = @saved_cs_client */;

--
-- Dumping data for table `model_has_roles`
--

LOCK TABLES `model_has_roles` WRITE;
/*!40000 ALTER TABLE `model_has_roles` DISABLE KEYS */;
INSERT INTO `model_has_roles` VALUES (1,'App\\Models\\User',1),(2,'App\\Models\\User',2);
/*!40000 ALTER TABLE `model_has_roles` ENABLE KEYS */;
UNLOCK TABLES;

--
-- Table structure for table `orders`
--

DROP TABLE IF EXISTS `orders`;
/*!40101 SET @saved_cs_client     = @@character_set_client */;
/*!40101 SET character_set_client = utf8 */;
CREATE TABLE `orders` (
  `id` bigint(20) unsigned NOT NULL AUTO_INCREMENT,
  `transaction_id` varchar(255) COLLATE utf8mb4_unicode_ci NOT NULL,
  `order_id` varchar(255) COLLATE utf8mb4_unicode_ci NOT NULL,
  `name` varchar(255) COLLATE utf8mb4_unicode_ci NOT NULL,
  `email` varchar(255) COLLATE utf8mb4_unicode_ci NOT NULL,
  `phone` varchar(255) COLLATE utf8mb4_unicode_ci NOT NULL,
  `gross_amount` varchar(255) COLLATE utf8mb4_unicode_ci NOT NULL,
  `status` varchar(255) COLLATE utf8mb4_unicode_ci NOT NULL,
  `payment_type` varchar(255) COLLATE utf8mb4_unicode_ci NOT NULL,
  `payment_code` varchar(255) COLLATE utf8mb4_unicode_ci DEFAULT NULL,
  `pdf_url` varchar(255) COLLATE utf8mb4_unicode_ci DEFAULT NULL,
  `created_at` timestamp NULL DEFAULT NULL,
  `updated_at` timestamp NULL DEFAULT NULL,
  PRIMARY KEY (`id`)
) ENGINE=InnoDB DEFAULT CHARSET=utf8mb4 COLLATE=utf8mb4_unicode_ci;
/*!40101 SET character_set_client = @saved_cs_client */;

--
-- Dumping data for table `orders`
--

LOCK TABLES `orders` WRITE;
/*!40000 ALTER TABLE `orders` DISABLE KEYS */;
/*!40000 ALTER TABLE `orders` ENABLE KEYS */;
UNLOCK TABLES;

--
-- Table structure for table `password_resets`
--

DROP TABLE IF EXISTS `password_resets`;
/*!40101 SET @saved_cs_client     = @@character_set_client */;
/*!40101 SET character_set_client = utf8 */;
CREATE TABLE `password_resets` (
  `email` varchar(255) COLLATE utf8mb4_unicode_ci NOT NULL,
  `token` varchar(255) COLLATE utf8mb4_unicode_ci NOT NULL,
  `created_at` timestamp NULL DEFAULT NULL,
  KEY `password_resets_email_index` (`email`)
) ENGINE=InnoDB DEFAULT CHARSET=utf8mb4 COLLATE=utf8mb4_unicode_ci;
/*!40101 SET character_set_client = @saved_cs_client */;

--
-- Dumping data for table `password_resets`
--

LOCK TABLES `password_resets` WRITE;
/*!40000 ALTER TABLE `password_resets` DISABLE KEYS */;
/*!40000 ALTER TABLE `password_resets` ENABLE KEYS */;
UNLOCK TABLES;

--
-- Table structure for table `permissions`
--

DROP TABLE IF EXISTS `permissions`;
/*!40101 SET @saved_cs_client     = @@character_set_client */;
/*!40101 SET character_set_client = utf8 */;
CREATE TABLE `permissions` (
  `id` bigint(20) unsigned NOT NULL AUTO_INCREMENT,
  `name` varchar(255) COLLATE utf8mb4_unicode_ci NOT NULL,
  `guard_name` varchar(255) COLLATE utf8mb4_unicode_ci NOT NULL,
  `created_at` timestamp NULL DEFAULT NULL,
  `updated_at` timestamp NULL DEFAULT NULL,
  PRIMARY KEY (`id`),
  UNIQUE KEY `permissions_name_guard_name_unique` (`name`,`guard_name`)
) ENGINE=InnoDB AUTO_INCREMENT=5 DEFAULT CHARSET=utf8mb4 COLLATE=utf8mb4_unicode_ci;
/*!40101 SET character_set_client = @saved_cs_client */;

--
-- Dumping data for table `permissions`
--

LOCK TABLES `permissions` WRITE;
/*!40000 ALTER TABLE `permissions` DISABLE KEYS */;
INSERT INTO `permissions` VALUES (1,'add','web','2022-03-31 14:28:32','2022-03-31 14:28:32'),(2,'edit','web','2022-03-31 14:28:35','2022-03-31 14:28:35'),(3,'delete','web','2022-03-31 14:28:41','2022-03-31 14:28:41'),(4,'view','web','2022-03-31 14:28:45','2022-03-31 14:28:45');
/*!40000 ALTER TABLE `permissions` ENABLE KEYS */;
UNLOCK TABLES;

--
-- Table structure for table `personal_access_tokens`
--

DROP TABLE IF EXISTS `personal_access_tokens`;
/*!40101 SET @saved_cs_client     = @@character_set_client */;
/*!40101 SET character_set_client = utf8 */;
CREATE TABLE `personal_access_tokens` (
  `id` bigint(20) unsigned NOT NULL AUTO_INCREMENT,
  `tokenable_type` varchar(255) COLLATE utf8mb4_unicode_ci NOT NULL,
  `tokenable_id` bigint(20) unsigned NOT NULL,
  `name` varchar(255) COLLATE utf8mb4_unicode_ci NOT NULL,
  `token` varchar(64) COLLATE utf8mb4_unicode_ci NOT NULL,
  `abilities` text COLLATE utf8mb4_unicode_ci,
  `last_used_at` timestamp NULL DEFAULT NULL,
  `created_at` timestamp NULL DEFAULT NULL,
  `updated_at` timestamp NULL DEFAULT NULL,
  PRIMARY KEY (`id`),
  UNIQUE KEY `personal_access_tokens_token_unique` (`token`),
  KEY `personal_access_tokens_tokenable_type_tokenable_id_index` (`tokenable_type`,`tokenable_id`)
) ENGINE=InnoDB AUTO_INCREMENT=9 DEFAULT CHARSET=utf8mb4 COLLATE=utf8mb4_unicode_ci;
/*!40101 SET character_set_client = @saved_cs_client */;

--
-- Dumping data for table `personal_access_tokens`
--

LOCK TABLES `personal_access_tokens` WRITE;
/*!40000 ALTER TABLE `personal_access_tokens` DISABLE KEYS */;
INSERT INTO `personal_access_tokens` VALUES (6,'App\\Models\\User',1,'auth_token','e96efaefe48eca82a04c7b25601e50f4b17287cab156d8ca64f1234ead743ba2','[\"*\"]',NULL,'2022-04-02 16:57:13','2022-04-02 16:57:13'),(7,'App\\Models\\User',1,'auth_token','4eac880d78cfa78a09e310108449732c137d916c070b3f95912fcb7f6fa1c9f0','[\"*\"]',NULL,'2022-04-02 18:43:56','2022-04-02 18:43:56'),(8,'App\\Models\\User',1,'auth_token','629e15a28c2a480fb86bcaf060b6963722547246e5ac43231e01b4f6da5b683e','[\"*\"]',NULL,'2022-04-02 19:14:24','2022-04-02 19:14:24');
/*!40000 ALTER TABLE `personal_access_tokens` ENABLE KEYS */;
UNLOCK TABLES;

--
-- Table structure for table `products`
--

DROP TABLE IF EXISTS `products`;
/*!40101 SET @saved_cs_client     = @@character_set_client */;
/*!40101 SET character_set_client = utf8 */;
CREATE TABLE `products` (
  `id` bigint(20) unsigned NOT NULL AUTO_INCREMENT,
  `category_id` bigint(20) unsigned NOT NULL,
  `name_product` varchar(255) COLLATE utf8mb4_unicode_ci NOT NULL,
  `slug` varchar(255) COLLATE utf8mb4_unicode_ci NOT NULL,
  `price` decimal(8,2) NOT NULL,
  `stock` int(11) NOT NULL,
  `description` text COLLATE utf8mb4_unicode_ci NOT NULL,
  `image` varchar(255) COLLATE utf8mb4_unicode_ci NOT NULL,
  `imagepath` varchar(255) COLLATE utf8mb4_unicode_ci DEFAULT NULL,
  `created_at` timestamp NULL DEFAULT NULL,
  `updated_at` timestamp NULL DEFAULT NULL,
  PRIMARY KEY (`id`),
  KEY `products_category_id_foreign` (`category_id`),
  CONSTRAINT `products_category_id_foreign` FOREIGN KEY (`category_id`) REFERENCES `categories` (`id`) ON DELETE CASCADE
) ENGINE=InnoDB DEFAULT CHARSET=utf8mb4 COLLATE=utf8mb4_unicode_ci;
/*!40101 SET character_set_client = @saved_cs_client */;

--
-- Dumping data for table `products`
--

LOCK TABLES `products` WRITE;
/*!40000 ALTER TABLE `products` DISABLE KEYS */;
/*!40000 ALTER TABLE `products` ENABLE KEYS */;
UNLOCK TABLES;

--
-- Table structure for table `provinces`
--

DROP TABLE IF EXISTS `provinces`;
/*!40101 SET @saved_cs_client     = @@character_set_client */;
/*!40101 SET character_set_client = utf8 */;
CREATE TABLE `provinces` (
  `id` bigint(20) unsigned NOT NULL AUTO_INCREMENT,
  `name` varchar(255) COLLATE utf8mb4_unicode_ci NOT NULL,
  `created_at` timestamp NULL DEFAULT NULL,
  `updated_at` timestamp NULL DEFAULT NULL,
  PRIMARY KEY (`id`)
) ENGINE=InnoDB AUTO_INCREMENT=35 DEFAULT CHARSET=utf8mb4 COLLATE=utf8mb4_unicode_ci;
/*!40101 SET character_set_client = @saved_cs_client */;

--
-- Dumping data for table `provinces`
--

LOCK TABLES `provinces` WRITE;
/*!40000 ALTER TABLE `provinces` DISABLE KEYS */;
INSERT INTO `provinces` VALUES (1,'Bali','2022-03-31 14:01:17','2022-03-31 14:01:17'),(2,'Bangka Belitung','2022-03-31 14:01:17','2022-03-31 14:01:17'),(3,'Banten','2022-03-31 14:01:17','2022-03-31 14:01:17'),(4,'Bengkulu','2022-03-31 14:01:17','2022-03-31 14:01:17'),(5,'DI Yogyakarta','2022-03-31 14:01:17','2022-03-31 14:01:17'),(6,'DKI Jakarta','2022-03-31 14:01:17','2022-03-31 14:01:17'),(7,'Gorontalo','2022-03-31 14:01:18','2022-03-31 14:01:18'),(8,'Jambi','2022-03-31 14:01:18','2022-03-31 14:01:18'),(9,'Jawa Barat','2022-03-31 14:01:18','2022-03-31 14:01:18'),(10,'Jawa Tengah','2022-03-31 14:01:18','2022-03-31 14:01:18'),(11,'Jawa Timur','2022-03-31 14:01:18','2022-03-31 14:01:18'),(12,'Kalimantan Barat','2022-03-31 14:01:18','2022-03-31 14:01:18'),(13,'Kalimantan Selatan','2022-03-31 14:01:18','2022-03-31 14:01:18'),(14,'Kalimantan Tengah','2022-03-31 14:01:18','2022-03-31 14:01:18'),(15,'Kalimantan Timur','2022-03-31 14:01:18','2022-03-31 14:01:18'),(16,'Kalimantan Utara','2022-03-31 14:01:18','2022-03-31 14:01:18'),(17,'Kepulauan Riau','2022-03-31 14:01:18','2022-03-31 14:01:18'),(18,'Lampung','2022-03-31 14:01:18','2022-03-31 14:01:18'),(19,'Maluku','2022-03-31 14:01:18','2022-03-31 14:01:18'),(20,'Maluku Utara','2022-03-31 14:01:18','2022-03-31 14:01:18'),(21,'Nanggroe Aceh Darussalam (NAD)','2022-03-31 14:01:18','2022-03-31 14:01:18'),(22,'Nusa Tenggara Barat (NTB)','2022-03-31 14:01:18','2022-03-31 14:01:18'),(23,'Nusa Tenggara Timur (NTT)','2022-03-31 14:01:18','2022-03-31 14:01:18'),(24,'Papua','2022-03-31 14:01:18','2022-03-31 14:01:18'),(25,'Papua Barat','2022-03-31 14:01:18','2022-03-31 14:01:18'),(26,'Riau','2022-03-31 14:01:18','2022-03-31 14:01:18'),(27,'Sulawesi Barat','2022-03-31 14:01:19','2022-03-31 14:01:19'),(28,'Sulawesi Selatan','2022-03-31 14:01:19','2022-03-31 14:01:19'),(29,'Sulawesi Tengah','2022-03-31 14:01:19','2022-03-31 14:01:19'),(30,'Sulawesi Tenggara','2022-03-31 14:01:19','2022-03-31 14:01:19'),(31,'Sulawesi Utara','2022-03-31 14:01:19','2022-03-31 14:01:19'),(32,'Sumatera Barat','2022-03-31 14:01:19','2022-03-31 14:01:19'),(33,'Sumatera Selatan','2022-03-31 14:01:19','2022-03-31 14:01:19'),(34,'Sumatera Utara','2022-03-31 14:01:19','2022-03-31 14:01:19');
/*!40000 ALTER TABLE `provinces` ENABLE KEYS */;
UNLOCK TABLES;

--
-- Table structure for table `role_has_permissions`
--

DROP TABLE IF EXISTS `role_has_permissions`;
/*!40101 SET @saved_cs_client     = @@character_set_client */;
/*!40101 SET character_set_client = utf8 */;
CREATE TABLE `role_has_permissions` (
  `permission_id` bigint(20) unsigned NOT NULL,
  `role_id` bigint(20) unsigned NOT NULL,
  PRIMARY KEY (`permission_id`,`role_id`),
  KEY `role_has_permissions_role_id_foreign` (`role_id`),
  CONSTRAINT `role_has_permissions_permission_id_foreign` FOREIGN KEY (`permission_id`) REFERENCES `permissions` (`id`) ON DELETE CASCADE,
  CONSTRAINT `role_has_permissions_role_id_foreign` FOREIGN KEY (`role_id`) REFERENCES `roles` (`id`) ON DELETE CASCADE
) ENGINE=InnoDB DEFAULT CHARSET=utf8mb4 COLLATE=utf8mb4_unicode_ci;
/*!40101 SET character_set_client = @saved_cs_client */;

--
-- Dumping data for table `role_has_permissions`
--

LOCK TABLES `role_has_permissions` WRITE;
/*!40000 ALTER TABLE `role_has_permissions` DISABLE KEYS */;
INSERT INTO `role_has_permissions` VALUES (1,1),(2,1),(3,1),(4,1),(4,2);
/*!40000 ALTER TABLE `role_has_permissions` ENABLE KEYS */;
UNLOCK TABLES;

--
-- Table structure for table `roles`
--

DROP TABLE IF EXISTS `roles`;
/*!40101 SET @saved_cs_client     = @@character_set_client */;
/*!40101 SET character_set_client = utf8 */;
CREATE TABLE `roles` (
  `id` bigint(20) unsigned NOT NULL AUTO_INCREMENT,
  `name` varchar(255) COLLATE utf8mb4_unicode_ci NOT NULL,
  `guard_name` varchar(255) COLLATE utf8mb4_unicode_ci NOT NULL,
  `created_at` timestamp NULL DEFAULT NULL,
  `updated_at` timestamp NULL DEFAULT NULL,
  PRIMARY KEY (`id`),
  UNIQUE KEY `roles_name_guard_name_unique` (`name`,`guard_name`)
) ENGINE=InnoDB AUTO_INCREMENT=3 DEFAULT CHARSET=utf8mb4 COLLATE=utf8mb4_unicode_ci;
/*!40101 SET character_set_client = @saved_cs_client */;

--
-- Dumping data for table `roles`
--

LOCK TABLES `roles` WRITE;
/*!40000 ALTER TABLE `roles` DISABLE KEYS */;
INSERT INTO `roles` VALUES (1,'admin','web','2022-03-31 13:50:16','2022-03-31 13:50:16'),(2,'user','web','2022-03-31 13:50:20','2022-03-31 13:50:20');
/*!40000 ALTER TABLE `roles` ENABLE KEYS */;
UNLOCK TABLES;

--
-- Table structure for table `transactions`
--

DROP TABLE IF EXISTS `transactions`;
/*!40101 SET @saved_cs_client     = @@character_set_client */;
/*!40101 SET character_set_client = utf8 */;
CREATE TABLE `transactions` (
  `id` bigint(20) unsigned NOT NULL AUTO_INCREMENT,
  `user_id` bigint(20) unsigned NOT NULL,
  `code_transaction` varchar(255) COLLATE utf8mb4_unicode_ci NOT NULL,
  `total_transaction` int(11) NOT NULL,
  `status_transaction` int(11) NOT NULL,
  `created_at` timestamp NULL DEFAULT NULL,
  `updated_at` timestamp NULL DEFAULT NULL,
  PRIMARY KEY (`id`)
) ENGINE=InnoDB DEFAULT CHARSET=utf8mb4 COLLATE=utf8mb4_unicode_ci;
/*!40101 SET character_set_client = @saved_cs_client */;

--
-- Dumping data for table `transactions`
--

LOCK TABLES `transactions` WRITE;
/*!40000 ALTER TABLE `transactions` DISABLE KEYS */;
/*!40000 ALTER TABLE `transactions` ENABLE KEYS */;
UNLOCK TABLES;

--
-- Table structure for table `users`
--

DROP TABLE IF EXISTS `users`;
/*!40101 SET @saved_cs_client     = @@character_set_client */;
/*!40101 SET character_set_client = utf8 */;
CREATE TABLE `users` (
  `id` bigint(20) unsigned NOT NULL AUTO_INCREMENT,
  `province_id` bigint(20) unsigned NOT NULL,
  `city_id` bigint(20) unsigned NOT NULL,
  `name` varchar(255) COLLATE utf8mb4_unicode_ci NOT NULL,
  `email` varchar(255) COLLATE utf8mb4_unicode_ci NOT NULL,
  `slug` varchar(255) COLLATE utf8mb4_unicode_ci NOT NULL,
  `address` varchar(255) COLLATE utf8mb4_unicode_ci NOT NULL,
  `phone` varchar(255) COLLATE utf8mb4_unicode_ci NOT NULL,
  `email_verified_at` timestamp NULL DEFAULT NULL,
  `password` varchar(255) COLLATE utf8mb4_unicode_ci NOT NULL,
  `is_active` int(11) NOT NULL DEFAULT '1',
  `remember_token` varchar(100) COLLATE utf8mb4_unicode_ci DEFAULT NULL,
  `created_at` timestamp NULL DEFAULT NULL,
  `updated_at` timestamp NULL DEFAULT NULL,
  PRIMARY KEY (`id`),
  UNIQUE KEY `users_email_unique` (`email`),
  KEY `users_province_id_foreign` (`province_id`),
  KEY `users_city_id_foreign` (`city_id`),
  CONSTRAINT `users_city_id_foreign` FOREIGN KEY (`city_id`) REFERENCES `cities` (`id`) ON DELETE CASCADE,
  CONSTRAINT `users_province_id_foreign` FOREIGN KEY (`province_id`) REFERENCES `provinces` (`id`) ON DELETE CASCADE
) ENGINE=InnoDB AUTO_INCREMENT=4 DEFAULT CHARSET=utf8mb4 COLLATE=utf8mb4_unicode_ci;
/*!40101 SET character_set_client = @saved_cs_client */;

--
-- Dumping data for table `users`
--

LOCK TABLES `users` WRITE;
/*!40000 ALTER TABLE `users` DISABLE KEYS */;
INSERT INTO `users` VALUES (1,6,154,'Admin','admin@admin.com','admin','Jl. Setapak','082136217367',NULL,'$2y$10$U1/CThNoVDzTKCSTZoeP8eMwQLZ6wikPUyZmRJoBeSrxcM3zLBZj2',1,NULL,'2022-03-31 14:20:06','2022-03-31 14:20:06'),(2,9,78,'User','user@gmail.com','user','Jl. Setapak','081455455455',NULL,'$2y$10$NW4RFP6ZFxJm887RLdgt7.7IyS567TQk1uDu6q4hxL7Ld/snAU0Di',1,NULL,'2022-03-31 14:35:24','2022-03-31 14:35:24'),(3,9,115,'User1','user1@gmail.com','user1','Jl. Setapak','081654857484',NULL,'$2y$10$0qjTTs1W3uYoa.iuJT/XHu8etGMGBKewg9CwWwdxymvdw/NQ3fGoW',1,NULL,'2022-04-02 15:44:55','2022-04-02 15:44:55');
/*!40000 ALTER TABLE `users` ENABLE KEYS */;
UNLOCK TABLES;
/*!40103 SET TIME_ZONE=@OLD_TIME_ZONE */;

/*!40101 SET SQL_MODE=@OLD_SQL_MODE */;
/*!40014 SET FOREIGN_KEY_CHECKS=@OLD_FOREIGN_KEY_CHECKS */;
/*!40014 SET UNIQUE_CHECKS=@OLD_UNIQUE_CHECKS */;
/*!40101 SET CHARACTER_SET_CLIENT=@OLD_CHARACTER_SET_CLIENT */;
/*!40101 SET CHARACTER_SET_RESULTS=@OLD_CHARACTER_SET_RESULTS */;
/*!40101 SET COLLATION_CONNECTION=@OLD_COLLATION_CONNECTION */;
/*!40111 SET SQL_NOTES=@OLD_SQL_NOTES */;

-- Dump completed on 2022-04-07  8:54:50
